<?xml version='1.0' encoding='UTF-8'?>

<!-- =========== FULL CONFIGURATION FILE ================================== -->

<faces-config version="1.2" 
    xmlns="http://java.sun.com/xml/ns/javaee" 
    xmlns:xsi="http://www.w3.org/2001/XMLSchema-instance" 
    xsi:schemaLocation="http://java.sun.com/xml/ns/javaee http://java.sun.com/xml/ns/javaee/web-facesconfig_1_2.xsd">

    <application>
        <default-render-kit-id>org.apache.myfaces.trinidad.core</default-render-kit-id>
    </application>

    <!-- Removido se não o trinidade nao funciona
    <application>
        <view-handler>com.sun.facelets.FaceletViewHandler</view-handler>
    </application>
    -->
</faces-config>


